_next/static/chunks/03~yq9q893hmn.js	112594	0973c1d64c88adc8e3c950410cb58b288f72118d5965b78049438deb8f2f9683
_next/static/chunks/09gjkq5y3b.u9.js	196233	3b1ad8834f5d386d3c05b12989a7e6c9f334554b2c8afaca694a7407caaef90c
_next/static/chunks/0cw_25gi55tne.js	443658	b594c5d430d6089f572909f337274a87763ef004c9583a1c0ae3568911783c34
_next/static/chunks/0dbhjjzl8qfwv.js	57909	59d6d2186868625417737f3f33980e55f778eb3672cd03a10cf26b1259ca2314
_next/static/chunks/0-dxtqt.pyt86.js	324795	3201bd7d95a1a3847da144ef8d403a11ae61cd6453fae0a426dd2881f4c39696
_next/static/chunks/0g3yt-.a0ubwc.js	22865	2b6f8b81cc35ca275446e383664689fcecc5a0d167545361800bc8d87a4efa6d
_next/static/chunks/0m_p1bxtorv5i.js	226355	204f4020f37e64c94f21ba40ef389e0658974451943f325cd5e8ff9a4fab90bb
_next/static/chunks/0mjs9rztbd-jy.js	5204	8790eeaaa7982c8d817c9810bbff11c10ddcc8f40c12cf695301068329fc1c72
_next/static/chunks/0rr4wplpp0dwb.js	215	4f904d2999d6b0155cc1e1f53c1501d8e623faebcc230a6b646700ec16ffbcd7
_next/static/chunks/0s6t~_utqyxbc.js	498491	e0d7b88c7762f83829e9edb94931279701a56d776f1277dfd5d602c4badb94e2
_next/static/chunks/0tj9biwkbtj1a.css	88809	ab98db499f15610ba02e4da810d79c4aace364f861b0ebd0de9e24baf1b62eb7
_next/static/chunks/turbopack-0fn89mwxuwib9.js	10548	1ec51c25074272ae209c312989e37318d11d6457d67a4a86955c8e727d345540
_next/static/zl09o7sYXiK1PeDl3VpSL/_buildManifest.js	316	a4628008aa8cff7cc85960c79e3f2684c93660f1291345c70fdeef8469ad7b67
_next/static/zl09o7sYXiK1PeDl3VpSL/_clientMiddlewareManifest.js	96	5483e3295dc35dfe29ea932efc85341c916f10ff78ff5b0e965e003710893a4a
_next/static/zl09o7sYXiK1PeDl3VpSL/_ssgManifest.js	80	678f6ce2cb80b1fe72fc67e7412be6e2ab6ada083111b64f7c40d35e3cba5e00
assets/licenses.json	4105	789a3691d94aa76c7e478ab2110d8df92c17b3c4b46609a422c1048d3a4ea920
icon.svg	877	e0f5dfb5b5ff3aac5c5513be77bf0d3aef45df4af4c1163ee6820905d10fb904
index.html	12613	9ac164becf91104affee9e0a2e4ee73a70b409e56b5e0fd742aa03998f321635
og-canopy-first-night.png	1996658	38a1c98fe236f558c6bcd8f392d5868f644ead9768477bb4ad1a2a11ccc8672b
wiki-canopy-survival.png	1044943	c20f5019748f8483d93f16231357416cf0729a6f355c7fb4c88b69177fa32f8f
